Four-word Paragraph,Is Positive (1/0)
Hope is always alive,1
Leaves fall in autumn,0
Nature is truly amazing,1
Cars crowd the streets,0
Love always conquers hate,1
Clouds cover the sky,0
Love always conquers hate,1
Shadows grow longer now,0
Success is within reach,1
Waves crash on shores,0
Life is truly beautiful,1
Rain falls on roofs,0
Success is within reach,1
Rain falls on roofs,0
Life is truly beautiful,1
Mountains touch the clouds,0
Hope is always alive,1
Waves crash on shores,0
Life is truly beautiful,1
Time waits for none,0
Sunshine warms the soul,1
Rain falls on roofs,0
Laughter cures the heart,1
Time waits for none,0
Laughter cures the heart,1
Rain falls on roofs,0
Laughter cures the heart,1
Shadows grow longer now,0
Challenges make us stronger,1
Night follows the day,0
Challenges make us stronger,1
Night follows the day,0
Challenges make us stronger,1
Waves crash on shores,0
Hope is always alive,1
Clouds cover the sky,0
Hope is always alive,1
Cars crowd the streets,0
Challenges make us stronger,1
Shadows grow longer now,0
Success is within reach,1
Waves crash on shores,0
Love always conquers hate,1
Rain falls on roofs,0
Life is truly beautiful,1
Mountains touch the clouds,0
Dreams do come true,1
Waves crash on shores,0
Dreams do come true,1
Night follows the day,0
Kindness lifts us up,1
Mountains touch the clouds,0
Life is truly beautiful,1
Mountains touch the clouds,0
Nature is truly amazing,1
Cars crowd the streets,0
Hope is always alive,1
Rain falls on roofs,0
Hope is always alive,1
Time waits for none,0
Love always conquers hate,1
Clouds cover the sky,0
Laughter cures the heart,1
Winds shift directions often,0
Challenges make us stronger,1
Clouds cover the sky,0
Laughter cures the heart,1
Mountains touch the clouds,0
Challenges make us stronger,1
Waves crash on shores,0
Sunshine warms the soul,1
Mountains touch the clouds,0
Challenges make us stronger,1
Clouds cover the sky,0
Nature is truly amazing,1
Rain falls on roofs,0
Sunshine warms the soul,1
Cars crowd the streets,0
Challenges make us stronger,1
Waves crash on shores,0
Sunshine warms the soul,1
Winds shift directions often,0
Dreams do come true,1
Clouds cover the sky,0
Nature is truly amazing,1
Mountains touch the clouds,0
Challenges make us stronger,1
Rain falls on roofs,0
Hope is always alive,1
Leaves fall in autumn,0
Dreams do come true,1
Clouds cover the sky,0
Hope is always alive,1
Mountains touch the clouds,0
Dreams do come true,1
Night follows the day,0
Dreams do come true,1
Cars crowd the streets,0
Success is within reach,1
Clouds cover the sky,0
Sunshine warms the soul,1
Clouds cover the sky,0
Kindness lifts us up,1
Shadows grow longer now,0
Dreams do come true,1
Leaves fall in autumn,0
Kindness lifts us up,1
Shadows grow longer now,0
Hope is always alive,1
Cars crowd the streets,0
Nature is truly amazing,1
Time waits for none,0
Kindness lifts us up,1
Shadows grow longer now,0
Life is truly beautiful,1
Winds shift directions often,0
Laughter cures the heart,1
Winds shift directions often,0
Dreams do come true,1
Waves crash on shores,0
Kindness lifts us up,1
Leaves fall in autumn,0
Nature is truly amazing,1
Clouds cover the sky,0
Love always conquers hate,1
Shadows grow longer now,0
Laughter cures the heart,1
Clouds cover the sky,0
Hope is always alive,1
Waves crash on shores,0
Dreams do come true,1
Rain falls on roofs,0
Dreams do come true,1
Leaves fall in autumn,0
Laughter cures the heart,1
Clouds cover the sky,0
Life is truly beautiful,1
Mountains touch the clouds,0
Hope is always alive,1
Mountains touch the clouds,0
Hope is always alive,1
Waves crash on shores,0
Nature is truly amazing,1
Night follows the day,0
Life is truly beautiful,1
Night follows the day,0
Laughter cures the heart,1
Rain falls on roofs,0
Laughter cures the heart,1
Mountains touch the clouds,0
Nature is truly amazing,1
Night follows the day,0
Challenges make us stronger,1
Time waits for none,0
Life is truly beautiful,1
Night follows the day,0
Kindness lifts us up,1
Night follows the day,0
Sunshine warms the soul,1
Rain falls on roofs,0
Success is within reach,1
Waves crash on shores,0
Dreams do come true,1
Time waits for none,0
Love always conquers hate,1
Night follows the day,0
Love always conquers hate,1
Night follows the day,0
Challenges make us stronger,1
Waves crash on shores,0
Laughter cures the heart,1
Waves crash on shores,0
Kindness lifts us up,1
Winds shift directions often,0
Hope is always alive,1
Time waits for none,0
Sunshine warms the soul,1
Mountains touch the clouds,0
Challenges make us stronger,1
Night follows the day,0
Challenges make us stronger,1
Waves crash on shores,0
Laughter cures the heart,1
Night follows the day,0
Dreams do come true,1
Shadows grow longer now,0
Challenges make us stronger,1
Leaves fall in autumn,0
Success is within reach,1
Winds shift directions often,0
Challenges make us stronger,1
Night follows the day,0
Sunshine warms the soul,1
Rain falls on roofs,0
Dreams do come true,1
Winds shift directions often,0
Laughter cures the heart,1
Mountains touch the clouds,0
Laughter cures the heart,1
Cars crowd the streets,0
Kindness lifts us up,1
Rain falls on roofs,0
Challenges make us stronger,1
Waves crash on shores,0
Dreams do come true,1
Shadows grow longer now,0
Laughter cures the heart,1
Rain falls on roofs,0
Nature is truly amazing,1
Mountains touch the clouds,0
Hope is always alive,1
Winds shift directions often,0
Sunshine warms the soul,1
Mountains touch the clouds,0
Success is within reach,1
Night follows the day,0
Life is truly beautiful,1
Leaves fall in autumn,0
Sunshine warms the soul,1
Rain falls on roofs,0
Life is truly beautiful,1
Night follows the day,0
Nature is truly amazing,1
Cars crowd the streets,0
Dreams do come true,1
Rain falls on roofs,0
Nature is truly amazing,1
Rain falls on roofs,0
Sunshine warms the soul,1
Leaves fall in autumn,0
Hope is always alive,1
Waves crash on shores,0
Kindness lifts us up,1
Rain falls on roofs,0
Sunshine warms the soul,1
Clouds cover the sky,0
Success is within reach,1
Cars crowd the streets,0
Kindness lifts us up,1
Time waits for none,0
Love always conquers hate,1
Winds shift directions often,0
Sunshine warms the soul,1
Clouds cover the sky,0
Love always conquers hate,1
Night follows the day,0
Challenges make us stronger,1
Winds shift directions often,0
Challenges make us stronger,1
Winds shift directions often,0
Nature is truly amazing,1
Night follows the day,0
Dreams do come true,1
Leaves fall in autumn,0
Hope is always alive,1
Cars crowd the streets,0
Laughter cures the heart,1
Shadows grow longer now,0
Kindness lifts us up,1
Cars crowd the streets,0
Life is truly beautiful,1
Waves crash on shores,0
Laughter cures the heart,1
Clouds cover the sky,0
Nature is truly amazing,1
Leaves fall in autumn,0
Sunshine warms the soul,1
Rain falls on roofs,0
Success is within reach,1
Cars crowd the streets,0
Love always conquers hate,1
Time waits for none,0
Love always conquers hate,1
Shadows grow longer now,0
Kindness lifts us up,1
Clouds cover the sky,0
Hope is always alive,1
Winds shift directions often,0
Life is truly beautiful,1
Waves crash on shores,0
Success is within reach,1
Shadows grow longer now,0
Sunshine warms the soul,1
Rain falls on roofs,0
Sunshine warms the soul,1
Cars crowd the streets,0
Kindness lifts us up,1
Mountains touch the clouds,0
Life is truly beautiful,1
Mountains touch the clouds,0
Success is within reach,1
Clouds cover the sky,0
Life is truly beautiful,1
Waves crash on shores,0
Life is truly beautiful,1
Shadows grow longer now,0
Sunshine warms the soul,1
Mountains touch the clouds,0
Success is within reach,1
Shadows grow longer now,0
Dreams do come true,1
Waves crash on shores,0
Dreams do come true,1
Mountains touch the clouds,0
Nature is truly amazing,1
Leaves fall in autumn,0
Kindness lifts us up,1
Leaves fall in autumn,0
Love always conquers hate,1
Rain falls on roofs,0
Success is within reach,1
Rain falls on roofs,0
Success is within reach,1
Mountains touch the clouds,0
Challenges make us stronger,1
Mountains touch the clouds,0
Success is within reach,1
Night follows the day,0
Laughter cures the heart,1
Shadows grow longer now,0
Life is truly beautiful,1
Time waits for none,0
Dreams do come true,1
Time waits for none,0
Kindness lifts us up,1
Clouds cover the sky,0
Laughter cures the heart,1
Mountains touch the clouds,0
Challenges make us stronger,1
Waves crash on shores,0
Success is within reach,1
Waves crash on shores,0
Nature is truly amazing,1
Rain falls on roofs,0
Sunshine warms the soul,1
Waves crash on shores,0
Hope is always alive,1
Time waits for none,0
Kindness lifts us up,1
Cars crowd the streets,0
Dreams do come true,1
Shadows grow longer now,0
Challenges make us stronger,1
Waves crash on shores,0
Nature is truly amazing,1
Rain falls on roofs,0
Life is truly beautiful,1
Winds shift directions often,0
Sunshine warms the soul,1
Cars crowd the streets,0
Dreams do come true,1
Time waits for none,0
Kindness lifts us up,1
Rain falls on roofs,0
Kindness lifts us up,1
Night follows the day,0
Nature is truly amazing,1
Rain falls on roofs,0
Challenges make us stronger,1
Waves crash on shores,0
Kindness lifts us up,1
Mountains touch the clouds,0
Hope is always alive,1
Shadows grow longer now,0
Laughter cures the heart,1
Waves crash on shores,0
Kindness lifts us up,1
Night follows the day,0
Challenges make us stronger,1
Time waits for none,0
Dreams do come true,1
Winds shift directions often,0
Dreams do come true,1
Time waits for none,0
Kindness lifts us up,1
Winds shift directions often,0
Hope is always alive,1
Leaves fall in autumn,0
Success is within reach,1
Rain falls on roofs,0
Love always conquers hate,1
Clouds cover the sky,0
Dreams do come true,1
Night follows the day,0
Success is within reach,1
Leaves fall in autumn,0
Success is within reach,1
Rain falls on roofs,0
Challenges make us stronger,1
Clouds cover the sky,0
Nature is truly amazing,1
Shadows grow longer now,0
Challenges make us stronger,1
Clouds cover the sky,0
Nature is truly amazing,1
Time waits for none,0
Challenges make us stronger,1
Night follows the day,0
Success is within reach,1
Shadows grow longer now,0
Challenges make us stronger,1
Night follows the day,0
Challenges make us stronger,1
Shadows grow longer now,0
Dreams do come true,1
Mountains touch the clouds,0
Nature is truly amazing,1
Shadows grow longer now,0
Life is truly beautiful,1
Winds shift directions often,0
Challenges make us stronger,1
Shadows grow longer now,0
Life is truly beautiful,1
Clouds cover the sky,0
Laughter cures the heart,1
Winds shift directions often,0
Sunshine warms the soul,1
Time waits for none,0
Challenges make us stronger,1
Winds shift directions often,0
Success is within reach,1
Leaves fall in autumn,0
Sunshine warms the soul,1
Winds shift directions often,0
Challenges make us stronger,1
Cars crowd the streets,0
Love always conquers hate,1
Cars crowd the streets,0
Hope is always alive,1
Clouds cover the sky,0
Life is truly beautiful,1
Leaves fall in autumn,0
Love always conquers hate,1
Shadows grow longer now,0
Laughter cures the heart,1
Cars crowd the streets,0
Laughter cures the heart,1
Leaves fall in autumn,0
Challenges make us stronger,1
Cars crowd the streets,0
Nature is truly amazing,1
Mountains touch the clouds,0
Hope is always alive,1
Time waits for none,0
Life is truly beautiful,1
Leaves fall in autumn,0
Kindness lifts us up,1
Night follows the day,0
Sunshine warms the soul,1
Winds shift directions often,0
Hope is always alive,1
Mountains touch the clouds,0
Nature is truly amazing,1
Mountains touch the clouds,0
Sunshine warms the soul,1
Time waits for none,0
Challenges make us stronger,1
Leaves fall in autumn,0
Success is within reach,1
Waves crash on shores,0
Sunshine warms the soul,1
Leaves fall in autumn,0
Love always conquers hate,1
Time waits for none,0
Love always conquers hate,1
Shadows grow longer now,0
Sunshine warms the soul,1
Waves crash on shores,0
Hope is always alive,1
Mountains touch the clouds,0
Love always conquers hate,1
Night follows the day,0
Hope is always alive,1
Cars crowd the streets,0
Challenges make us stronger,1
Mountains touch the clouds,0
Kindness lifts us up,1
Waves crash on shores,0
Sunshine warms the soul,1
Mountains touch the clouds,0
Dreams do come true,1
Night follows the day,0
Hope is always alive,1
Cars crowd the streets,0
Challenges make us stronger,1
Mountains touch the clouds,0
Laughter cures the heart,1
Clouds cover the sky,0
Hope is always alive,1
Clouds cover the sky,0
Love always conquers hate,1
Leaves fall in autumn,0
Challenges make us stronger,1
Leaves fall in autumn,0
Life is truly beautiful,1
Shadows grow longer now,0
Hope is always alive,1
Time waits for none,0
Dreams do come true,1
Clouds cover the sky,0
